{
  "CNN": {
    "accuracy": 25.0,
    "f1": 0.12465719272001995
  },
  "DANN": {
    "accuracy": 49.975,
    "f1": 0.4997499999375
  },
  "LSADA": {
    "accuracy": 95.9,
    "f1": 0.9587224497521334
  },
  "GAPDA": {
    "accuracy": 91.45,
    "f1": 0.9119245868439025
  },
  "CNN_continuous": {
    "accuracy": 50.61666666666667,
    "f1": 0.47061478216986974
  },
  "DANN_continuous": {
    "accuracy": 96.71875,
    "f1": 0.9676077118047993
  },
  "PCIDA": {
    "accuracy": 99.9,
    "f1": 0.999
  }
}